phone_brand,device_model,price_eur,screen_size,ram_gb,release_month,release_year,camera
xiaomi,redmi,100.0,4.7,1.0,7.0,2013.0,8.0
xiaomi,redmi 2,130.0,4.7,2.0,1.0,2015.0,8.0
samsung,Galaxy S4,320.0,5.0,2.0,4.0,2013.0,13.0
SUGAR,fashion phones,,,,,,
samsung,Galaxy Note 2,300.0,5.5,2.0,9.0,2012.0,8.0
huawei,Mate,,,,,,
xiaomi,MI 2S,250.0,4.3,2.0,4.0,2013.0,13.0
huawei,G610S,150.0,5.0,1.0,10.0,2013.0,5.0
xiaomi,MI One Plus,,,,,,
vivo,S7I,,,,,,
samsung,Galaxy S3,190.0,4.8,1.0,6.0,2012.0,8.0
xiaomi,MI 2A,350.0,4.5,1.0,1.0,2013.0,8.0
xiaomi,MI 3h,,,,,,
huawei,G520-0000,,,,,,
vivo,X5Pro,330.0,5.2,2.0,6.0,2015.0,13.0
meizu,MX2,310.0,4.4,2.0,11.0,2012.0,8.0
vivo,Xplay,330.0,5.7,2.0,5.0,2013.0,13.0
coolpad,7270,,,,,,
Ktouch,Touch 3,,,,,,
OPPO,R2017,,,,,,
zte,795+,,,,,,
coolpad,okami Note,,,,,,
vivo,Y3T,,,,,,
samsung,S7566,,,,,,
gionee,GN708W,,,,,,
lenovo,lemon K3 Note,,,,,,
xiaomi,MI 1S,190.0,4.0,1.0,8.0,2012.0,8.0
lenovo,A820t,,,,,,
huawei,honor 3C,140.0,5.0,2.0,12.0,2013.0,8.0
samsung,Galaxy S2,170.0,4.3,1.0,4.0,2011.0,8.0
hisense,EG966,,,,,,
sony,Xperia SL,,,,,,
vivo,E5,,,,,,
coolpad,Great God F1,130.0,5.0,2.0,4.0,2014.0,13.0
samsung,Galaxy Mega 5.8,280.0,5.8,1.5,5.0,2013.0,8.0
LG,G2,,,,,,
vivo,X1ST,,,,,,
vivo,X3T,170.0,5.0,1.0,6.0,2013.0,8.0
coolpad,7296,,,,,,
samsung,Galaxy Note,350.0,5.3,1.0,12.0,2012.0,8.0
samsung,Galaxy Note 3,420.0,5.7,3.0,9.0,2013.0,13.0
xiaomi,MI 3,200.0,5.0,2.0,9.0,2013.0,13.0
vivo,Y19T,,,,,,
OPPO,U705T,,,,,,
xiaomi,redmi 1s,90.0,4.7,1.0,5.0,2014.0,8.0
sony,Xperia Z,,,,,,
OPPO,A11,,,,,,
OPPO,Find 5,,,,,,
huawei,honor 4X,200.0,5.5,2.0,10.0,2014.0,13.0
coolpad,5216s,,,,,,
huawei,Ascend P6,230.0,4.7,2.0,6.0,2013.0,8.0
samsung,Galaxy Grand DUOS,150.0,5.0,1.0,10.0,2014.0,8.0
huawei,honor7,350.0,5.2,3.0,7.0,2015.0,20.0
xiaomi,redmi note,120.0,5.5,2.0,3.0,2014.0,13.0
huawei,G520-5000,,,,,,
huawei,G6-C00,,,,,,
huawei,G510,,,,,,
huawei,honor 6 Plus,200.0,5.5,3.0,12.0,2014.0,8.0
gionee,V182,,,,,,
HTC,802w,,,,,,
lenovo,S960,,,,,,
HTC,T528t,,,,,,
vivo,X5M,,,,,,
samsung,Galaxy Win,170.0,4.7,1.0,5.0,2013.0,5.0
samsung,Galaxy Trend DUOS,170.0,4.0,1.0,5.0,2013.0,3.0
huawei,honorplay5,,,,,,
51cube,S3,,,,,,
huawei,G610T,150.0,5.0,1.0,8.0,2013.0,5.0
lenovo,A660,,,,,,
meizu,MX3,370.0,5.1,2.0,10.0,2013.0,8.0
lenovo,A850,150.0,5.5,1.0,8.0,2013.0,5.0
coolpad,Tiptop 2,,,,,,
coolpad,5891,,,,,,
samsung,Galaxy Grand,,,,,,
huawei,honor 6,290.0,5.0,3.0,8.0,2014.0,13.0
huawei,Ascend G700T,,,,,,
lenovo,A820,,,,,,
xiaomi,MI 2C,,,,,,
OPPO,1107,,,,,,
meizu,m2 note,200.0,5.5,2.0,6.0,2015.0,13.0
OPPO,N1 Mini,330.0,5.0,2.0,8.0,2014.0,13.0
OPPO,R833T,,,,,,
vivo,Y15,,,,,,
xiaomi,redmi note2,160.0,5.5,2.0,8.0,2015.0,13.0
vivo,X6 D,500.0,6.0,4.0,1.0,2016.0,21.0
vivo,X5Max+,430.0,5.5,2.0,3.0,2015.0,13.0
vivo,Y27,140.0,4.7,1.0,12.0,2014.0,8.0
LG,Nexus 4,,,,,,
huawei,C8813Q,,,,,,
huawei,Ascend G700,,,,,,
huawei,B199,,,,,,
konka,V987,,,,,,
huawei,Y560-CL00,,,,,,
lenovo,S890,,,,,,
gionee,GN151,,,,,,
qiku,旗舰版,,,,,,
opsson,IVO 6622,,,,,,
vivo,Y17T,310.0,4.7,1.0,5.0,2016.0,8.0
coolpad,7235,,,,,,
huawei,C8816,,,,,,
vivo,Xshot,,,,,,
coolpad,8085,,,,,,
huawei,G730-T00,,,,,,
samsung,Galaxy Premier,,,,,,
obi,V10,,,,,,
HTC,One X,,,,,,
lenovo,A830,,,,,,
sony,Xperia Z Ultra,,,,,,
OPPO,R815T,,,,,,
TCL,么么哒,,,,,,
huawei,G716,,,,,,
samsung,Galaxy S5,360.0,5.1,2.0,4.0,2014.0,16.0
coolpad,okami F2,133.0,5.5,2.0,8.0,2014.0,13.0
ipair,iPh-800,,,,,,
HTC,One,270.0,4.7,2.0,3.0,2013.0,4.0
huawei,honor 3x pro,200.0,5.5,2.0,5.0,2014.0,13.0
samsung,Galaxy Win Pro,,,,,,
huawei,MT2-C00,,,,,,
OPPO,R7,360.0,5.0,3.0,5.0,2015.0,13.0
lenovo,S920,,,,,,
OPPO,1105,,,,,,
samsung,Galaxy Mega 6.3,,,,,,
coolpad,7295+,,,,,,
huawei,G620-L75,,,,,,
HTC,Desire 610t,,,,,,
coolpad,7269,,,,,,
coolpad,8198T,,,,,,
sony,Xperia Z1,330.0,5.0,2.0,9.0,2013.0,20.0
coolpad,okami 1s,,,,,,
OPPO,R807,,,,,,
nubia,Z5S,,,,,,
coolpad,7295,,,,,,
coolpad,7620l,,,,,,
zte,Grand S 2,,,,,,
vivo,Y20T,,,,,,
coolpad,5950,,,,,,
xiaomi,redmi note3,220.0,5.5,3.0,2.0,2016.0,16.0
vivo,S9,,,,,,
samsung,Galaxy Ace 2,,,,,,
samsung,Galaxy S2 HD LTE E120S,,,,,,
lenovo,A3000-H,,,,,,
vivo,Y17W,,,,,,
samsung,I9050,,,,,,
huawei,G730-U00,,,,,,
gionee,X805,,,,,,
coolpad,F2,170.0,5.5,2.0,8.0,2014.0,13.0
OPPO,Find 7,440.0,5.5,3.0,5.0,2014.0,13.0
huawei,MT1-U06,,,,,,
youmi,UIMI4,,,,,,
lenovo,VIBE Z,,,,,,
huawei,X1 7.0,,,,,,
youmi,3,,,,,,
gionee,V185,,,,,,
OPPO,R831S,370.0,4.5,1.0,6.0,2014.0,5.0
coolpad,9976A,,,,,,
samsung,Galaxy Grand 2,180.0,5.25,1.5,1.0,2014.0,8.0
vivo,Y11IT,,,,,,
gionee,GN135,,,,,,
vivo,Xplay3S,355.0,6.0,3.0,10.0,2013.0,13.0
gionee,F301,,,,,,
samsung,Galaxy Trend 3,,,,,,
huawei,G730-L075,,,,,,
OPPO,N1T,,,,,,
lenovo,K860i,,,,,,
zte,V955,,,,,,
LOGO,M2,,,,,,
zte,星星1号,,,,,,
gionee,E7,,,,,,
samsung,SCH-I939,,,,,,
huawei,honor 3Cplay edition,,,,,,
HTC,G11,,,,,,
OPPO,R827T,,,,,,
lenovo,A789,,,,,,
huawei,Ascend P7,250.0,5.0,2.0,5.0,2014.0,13.0
huawei,honor 4 play,100.0,5.0,1.0,9.0,2014.0,8.0
samsung,I8268,,,,,,
huawei,honorU8860,,,,,,
huawei,Mate 2,330.0,6.1,2.0,1.0,2014.0,13.0
lenovo,A708t,,,,,,
samsung,Galaxy Tab 3 8.0,,,,,,
samsung,I9118,,,,,,
huawei,U9508,,,,,,
dowe,S3,,,,,,
huawei,honor3X,250.0,5.5,2.0,12.0,2013.0,13.0
coolpad,春雷HD,,,,,,
huawei,C8813,,,,,,
zte,U956,,,,,,
sony,Xperia P,,,,,,
OPPO,R3,270.0,5.0,1.0,6.0,2014.0,8.0
samsung,Galaxy S Advance,,,,,,
xiaomi,redmi3,,,,,,
huawei,HN3-U01,,,,,,
huawei,Y600-U00,,,,,,
hisense,M10-M,,,,,,
heymi,A1,,,,,,
TCL,S720,,,,,,
OPPO,R809T,,,,,,
huawei,G520-T10,,,,,,
nubia,Z9 mini,,,,,,
huawei,Ascend G6,250.0,4.5,1.0,5.0,2014.0,8.0
lenovo,A378t,,,,,,
samsung,Galaxy Mega Plus,,,,,,
Ktouch,Touch 2,,,,,,
opsson,IVO 6600,,,,,,
samsung,Galaxy Ace,,,,,,
lenovo,S880i,,,,,,
sony,Xperia C3,,,,,,
huawei,Y635-TL00,,,,,,
OPPO,R1S,290.0,5.0,1.0,6.0,2014.0,13.0
coolpad,8720L,110.0,5.0,1.0,2.0,2014.0,5.0
samsung,G3818,,,,,,
vivo,Y11,,,,,,
coolpad,7231,,,,,,
OPPO,R821T,,,,,,
vivo,X1,,,,,,
lenovo,A889,,,,,,
nubia,Z5S Mini,210.0,4.7,2.0,8.0,2014.0,13.0
HTC,Desire 816,250.0,5.5,1.5,3.0,2014.0,13.0
zte,U807,,,,,,
zte,Grand Memo 2,,,,,,
hisense,U980,,,,,,
coolpad,5951,,,,,,
samsung,Galaxy Note 3 Lite,,,,,,
lenovo,A670t,,,,,,
lenovo,A788t,,,,,,
xiaomi,redmi2,130.0,4.7,2.0,1.0,2015.0,8.0
lenovo,P780,,,,,,
hammer,T1,,,,,,
lenovo,s820e,,,,,,
samsung,N910C,,,,,,
coolpad,8089,,,,,,
huawei,honor+,,,,,,
zte,红牛V5,,,,,,
lenovo,S868t,,,,,,
samsung,Galaxy Core 4G,,,,,,
huawei,Ascend G7,260.0,5.5,2.0,10.0,2014.0,13.0
dowe,D350,,,,,,
hisense,M20-T,,,,,,
lenovo,A828t,,,,,,
samsung,Galaxy S3 Neo+,300.0,4.8,1.5,4.0,2014.0,8.0
xiaomi,redmi2A,130.0,4.7,1.0,4.0,2015.0,8.0
vivo,Y13,,,,,,
coolpad,8705,,,,,,
HTC,7060,,,,,,
coolpad,5860S,,,,,,
lenovo,A680,,,,,,
samsung,Galaxy Note 10.1,,,,,,
koobee,TALK 7X四核,,,,,,
huawei,Y516,,,,,,
coolpad,8076D,,,,,,
samsung,W2014,,,,,,
nubia,Z7 Mini,180.0,5.0,2.0,6.0,2014.0,13.0
zte,U818,,,,,,
huawei,honorX2,,,,,,
coolpad,8017,,,,,,
meitu,2,,,,,,
coolpad,5891Q,,,,,,
huawei,C8815,,,,,,
huawei,Y511-T00,,,,,,
nibilu,火星一号,,,,,,
vivo,X3S,,,,,,
xiaomi,redmi note 4g,160.0,5.5,2.0,8.0,2014.0,13.0
vivo,S7,,,,,,
oneplus,One,250.0,5.5,3.0,6.0,2014.0,13.0
vivo,X710L,,,,,,
xiaomi,MI 4,230.0,5.0,3.0,8.0,2014.0,13.0
lenovo,A388t,,,,,,
HTC,Butterfly s,,,,,,
nubia,Z7 Max,,,,,,
vivo,Y613,,,,,,
LG,L22,,,,,,
meizu,MX4,340.0,5.36,2.0,9.0,2014.0,20.0
vivo,X3V,,,,,,
samsung,Galaxy R,,,,,,
OPPO,R7 Plus,430.0,6.0,4.0,5.0,2015.0,13.0
coolpad,7295A青春版,,,,,,
samsung,Galaxy Style DUOS,,,,,,
yougo,M6,,,,,,
nokia,XL,,,,,,
huawei,C8816D,,,,,,
HTC,EVO 3D X515m,,,,,,
coolpad,8750,,,,,,
samsung,W2013,,,,,,
samsung,Galaxy Tab 2 P5110,,,,,,
sony,Xperia ZR ,,,,,,
lenovo,VIBE X2,,,,,,
huawei,Mate 7,340.0,6.0,3.0,10.0,2014.0,
Ktouch,T91,,,,,,
vivo,X3L,209.0,5.0,2.0,4.0,2014.0,13.0
lenovo,A320t,,,,,,
hisense,X8T,,,,,,
HTC,One E8,,,,,,
lenovo,S810t,,,,,,
lenovo,S650,,,,,,
vivo,X5L,270.0,5.0,2.0,9.0,2014.0,13.0
LG,G3,,,,,,
lenovo,S720,,,,,,
OPPO,U707T,,,,,,
lenovo,A658t,,,,,,
OPPO,R823T,,,,,,
samsung,Galaxy Ace 3,,,,,,
coolpad,7295C,,,,,,
lenovo,S850t,,,,,,
coolpad,8702,,,,,,
lenovo,S696,,,,,,
lenovo,A880,130.0,6.0,1.0,1.0,2014.0,5.0
youmi,R1,,,,,,
coolpad,8190Q,,,,,,
OPPO,N1W,,,,,,
sony,X10i,,,,,,
samsung,Galaxy Note 4,440.0,5.7,3.0,10.0,2014.0,16.0
lenovo,A890e,,,,,,
coolpad,okami X7,,,,,,
lenovo,黄金斗士A8,,,,,,
huawei,G750-T20,,,,,,
huawei,麦芒3,,,,,,
sony,Xperia S,,,,,,
sony,Xperia Z3,,,,,,
OPPO,R1,,,,,,
candy,T3,,,,,,
coolpad,大观4,,,,,,
huawei,Y300,,,,,,
coolpad,8702D,,,,,,
OPPO,R6007,,,,,,
huawei,麦芒4,310.0,5.5,2.0,11.0,2015.0,5.0
samsung,Galaxy A8,,,,,,
ccmc,M811,,,,,,
lenovo,S850,,,,,,
samsung,Galaxy Tab 3 Lite T111,,,,,,
samsung,G3588V,,,,,,
samsung,Galaxy Tab P3108,,,,,,
gionee,ELIFE E6 mini,,,,,,
yuxin,小辣椒 M2,,,,,,
huawei,C8813D,,,,,,
vivo,Y23L,190.0,4.5,1.0,11.0,2014.0,5.0
samsung,S7568,,,,,,
kiwu,A800,,,,,,
HTC,608t,,,,,,
lenovo,golden warrior S8,,,,,,
HTC,One S,,,,,,
gionee,GN700T,,,,,,
LG,Nexus 5,,,,,,
huawei,honor 6 plus,200.0,5.5,3.0,12.0,2014.0,8.0
samsung,Galaxy S4 Zoom,,,,,,
OPPO,X907,,,,,,
coolpad,Y80D,,,,,,
samsung,Galaxy Grand Prime,140.0,5.0,1.0,10.0,2014.0,8.0
gionee,GN810,,,,,,
huawei,A199,,,,,,
hisense,EG970,,,,,,
lenovo,S880,,,,,,
gionee,ELIFE E3T,,,,,,
greeno,N1-Y,,,,,,
zte,N986,,,,,,
zte,Blade C,,,,,,
vivo,Y13L,400.0,4.5,1.0,9.0,2014.0,5.0
lenovo,IdeaTab A5000-E,,,,,,
zte,Q505T,,,,,,
zte,G718C,,,,,,
coolpad,8730L,,,,,,
gionee,ELIFE S5.5,,,,,,
OPPO,R831T,,,,,,
xiaomi,MI 5,,,,,,
Ktouch,T87+,,,,,,
HTC,802d,,,,,,
opsson,IVO 6655,,,,,,
samsung,Galaxy S L,,,,,,
huawei,honor4A,90.0,5.0,2.0,7.0,2015.0,8.0
coolpad,okami Note3,,,,,,
HTC,M8St,,,,,,
nubia,Z9 Max,,,,,,
samsung,Galaxy Mega 2,,,,,,
coolpad,ivvi K1 mini,,,,,,
dowe,iSuper S1,,,,,,
coolpad,5217,,,,,,
coolpad,8729,,,,,,
lenovo,A630,,,,,,
coolpad,7019,,,,,,
sony,Xperia U,,,,,,
vivo,Y18L,,,,,,
HTC,Desire 820,,,,,,
HTC,T329t,,,,,,
sony,Xperia Z5,,,,,,
samsung,S7568I,,,,,,
sony,Xperia T2 Ultra,,,,,,
samsung,Galaxy Grand Neo Plus,,,,,,
lenovo,A630t,,,,,,
vivo,S11T,,,,,,
OPPO,A51,,,,,,
lenovo,lemon K3,110.0,5.0,2.0,1.0,2016.0,13.0
asus,ZenFone 5,,,,,,
meizu,MX4 Pro,400.0,5.5,3.0,12.0,2014.0,20.0
meizu,blue charm,130.0,5.0,1.0,10.0,2014.0,13.0
xiaomi,MI pad,,,,,,
qiku,青春版,,,,,,
dowe,T20,,,,,,
samsung,Galaxy Core Mini,,,,,,
vivo,Y33,,,,,,
lenovo,S898t,,,,,,
lenovo,A390,,,,,,
zte,U950,,,,,,
lenovo,A768t,,,,,,
sony,Xperia acro S,,,,,,
panasonic,N828,,,,,,
samsung,G7200,,,,,,
huawei,G660-L075,,,,,,
zte,A880,,,,,,
zte,V5 Max,,,,,,
dowe,iSuper S2,,,,,,
sony,Xperia Z2,,,,,,
weitu,VT898,,,,,,
lenovo,A298t,,,,,,
OPPO,N3,,,,,,
huawei,C8817L,,,,,,
lenovo,A360t,,,,,,
xiaomi,MI One C1,,,,,,
lenovo,S938t,,,,,,
OPPO,R8000,,,,,,
huawei,honorplay 运动版,,,,,,
samsung,Galaxy Fame,,,,,,
samsung,Galaxy J7,250.0,5.5,1.5,6.0,2015.0,13.0
coolpad,8720,,,,,,
coolpad,9190l,,,,,,
samsung,Galaxy Tab S T805C,,,,,,
ccmc,M812C,,,,,,
HTC,One max,,,,,,
vivo,Y22IL,,,,,,
meizu,M030,,,,,,
panasonic,N821,,,,,,
vivo,Y28L,,,,,,
zte,U889,,,,,,
huawei,G616-L076,,,,,,
HTC,One M8,470.0,5.0,2.0,3.0,2014.0,4.0
huawei,Y320T,,,,,,
lenovo,A750e,,,,,,
meizu,blue charmNOTE,130.0,5.5,2.0,1.0,2015.0,13.0
HTC,T328w,,,,,,
samsung,2016版 Galaxy A9,,,,,,
koobee,U51GT-W,,,,,,
vivo,Y51,,,,,,
samsung,Galaxy Nexus,,,,,,
coolpad,8150,,,,,,
lenovo,A208t,,,,,,
huawei,honorplay5X,300.0,5.5,2.0,1.0,2016.0,13.0
coolpad,T1,,,,,,
huawei,Y500,,,,,,
OPPO,R817T,,,,,,
hisense,E820,,,,,,
vivo,Y613F,,,,,,
dowe,T35,,,,,,
HTC,Sensation XE with Beats Audio Z715e,,,,,,
gionee,F103S,,,,,,
samsung,Galaxy Trend DUOS 2,,,,,,
zte,V967S,,,,,,
aiyouni,U2,,,,,,
samsung,Galaxy A5,260.0,5.0,2.0,12.0,2014.0,13.0
asus,ME371MG,,,,,,
zte,9180,,,,,,
zte,U817,,,,,,
gionee,GN139,,,,,,
OPPO,A31,150.0,4.5,1.0,4.0,2015.0,8.0
coolpad,7320,,,,,,
vivo,X5SL,270.0,5.0,2.0,1.0,2015.0,13.0
meizu,blue charmmetal,110.0,5.1,2.0,6.0,2016.0,13.0
gionee,GN5002,,,,,,
LG,P880,,,,,,
samsung,Galaxy Tab S T705C,,,,,,
HTC,Butterfly,,,,,,
OPPO,R813T,,,,,,
lenovo,A628t,,,,,,
coolpad,Great God F1Plus,170.0,5.0,1.0,5.0,2015.0,8.0
lenovo,黄金斗士Note8,,,,,,
weitu,VT898S,,,,,,
HTC,T327t,,,,,,
samsung,S5830I,70.0,3.5,0.3,1.0,2011.0,5.0
samsung,Galaxy A7,350.0,5.5,2.0,2.0,2015.0,13.0
OPPO,R1C,85.0,5.0,2.0,1.0,2015.0,13.0
vivo,X5V,,,,,,
moto,Defy+,,,,,,
vivo,Y37,,,,,,
dowe,L1 mini,,,,,,
xiangmi,X6666,,,,,,
hisense,U939,,,,,,
micky,M6-M7,,,,,,
bigcola,MC002,,,,,,
lenovo,A706,,,,,,
zte,Q802T,,,,,,
LG,Optimus G Pro,,,,,,
OPPO,3007,,,,,,
zte,Q301C,,,,,,
huawei,C8812,,,,,,
vivo,Y13T,,,,,,
vivo,Y11IW,,,,,,
lenovo,A398t+,,,,,,
samsung,Galaxy Ace DUOS,,,,,,
samsung,S7898,,,,,,
lenovo,A678t,,,,,,
lenovo,A800,,,,,,
HTC,D516w,,,,,,
vivo,S3+,,,,,,
coolpad,Y1,,,,,,
OPPO,R5,400.0,5.2,2.0,12.0,2014.0,13.0
wpf,S2,,,,,,
xiaomi,mi note,320.0,5.7,3.0,1.0,2015.0,13.0
lenovo,S858t,,,,,,
coolpad,7268,,,,,,
samsung,Galaxy Trend 2,,,,,,
lenovo,A390t,,,,,,
vivo,Y22L,,,,,,
gionee,S5.1,,,,,,
OPPO,R819T,,,,,,
yuxin,红辣椒,,,,,,
samsung,Galaxy E7,,,,,,
yuxin,红辣椒任性版 Plus,,,,,,
lenovo,A269i,,,,,,
TCL,么么哒3N,,,,,,
samsung,Galaxy Gio,,,,,,
lenovo,S820,230.0,4.7,1.0,5.0,2013.0,12.0
huawei,C8817E,,,,,,
gionee,E6,,,,,,
OPPO,R2010,,,,,,
HTC,渴望HD,,,,,,
gionee,V188S,,,,,,
youmi,UIMI3,,,,,,
lenovo,P70,,,,,,
lenovo,A798t,,,,,,
coolpad,8190,,,,,,
HTC,Desire 826,,,,,,
lenovo,A766,,,,,,
hisense,E601M,,,,,,
OPPO,R811,,,,,,
huawei,Y511-U00,,,,,,
gionee,GN878,,,,,,
huawei,Y220T,,,,,,
vivo,Y928,,,,,,
coolpad,8295M,,,,,,
coolpad,okami F2全高清版,,,,,,
samsung,Galaxy Ace Dear,,,,,,
samsung,Galaxy Core Prime,,,,,,
hisense,E620M,,,,,,
coolpad,8079,,,,,,
huawei,Y320,,,,,,
lenovo,A318t,,,,,,
huawei,Ascend GX1,,,,,,
OPPO,6607,,,,,,
zte,V5S,,,,,,
coolpad,8732,,,,,,
huawei,Y610-U00,,,,,,
samsung,Galaxy Tab 3 7.0,,,,,,
hasse,X50TS,,,,,,
huawei,Mate 8,430.0,6.0,4.0,11.0,2015.0,16.0
mole,S9,,,,,,
dowe,S2y,,,,,,
zte,U930HD,,,,,,
samsung,Galaxy W,,,,,,
fs,T9,,,,,,
huawei,G610C,,,,,,
asus,T00G,,,,,,
vivo,Y29L,,,,,,
zte,N818,,,,,,
coolpad,锋尚,,,,,,
coolpad,8070,,,,,,
HTC,灵感XL,,,,,,
OPPO,1100,,,,,,
lenovo,A308t,,,,,,
51cube,S1,,,,,,
coolpad,8185,,,,,,
gionee,GN9002,,,,,,
samsung,G3609,,,,,,
huawei,S8-701w,,,,,,
lenovo,A858t,,,,,,
huawei,T1-821w,,,,,,
HTC,One M8 Eye,,,,,,
samsung,B9388,,,,,,
vivo,S7T,,,,,,
HTC,T329d,,,,,,
mige,201,,,,,,
lenovo,S899t,,,,,,
lenovo,A238t,,,,,,
weitu,VT868,,,,,,
lenovo,A820e,,,,,,
fks,M310,,,,,,
lenovo,A850+,,,,,,
samsung,大器2,,,,,,
vivo,S9T,,,,,,
OPPO,R7s,370.0,5.5,4.0,12.0,2015.0,13.0
lenovo,A760,,,,,,
zte,Q701C,,,,,,
HTC,Desire 820 Mini,,,,,,
vivo,Y927,,,,,,
lenovo,A3800d,,,,,,
desci,TS1018,,,,,,
moto,Moto X,,,,,,
lenovo,A688t,,,,,,
huawei,G606,,,,,,
samsung,Galaxy S6,410.0,5.1,3.0,4.0,2015.0,16.0
samsung,Galaxy Ace Plus,,,,,,
gionee,GN137,,,,,,
coolpad,7298D,,,,,,
HTC,Desire 626,,,,,,
OPPO,R8205,,,,,,
hisense,T958,,,,,,
coolpad,炫影S+,,,,,,
sony,Xperia Z1 炫彩版,,,,,,
gionee,F103,,,,,,
coolpad,Y60-C1,,,,,,
vivo,Y913,,,,,,
51cube,S2,,,,,,
samsung,Galaxy S3 Mini,,,,,,
gionee,E6T,,,,,,
coolpad,8707,,,,,,
51cube,M1,,,,,,
mengmi,P6,,,,,,
samsung,Galaxy Tab 2 P3100,,,,,,
huawei,Mate S,,,,,,
sony,Xperia ion,,,,,,
vivo,X5Max,390.0,5.5,2.0,12.0,2014.0,13.0
hisense,E912S,,,,,,
huawei,S8-701u,,,,,,
samsung,Galaxy S6 Edge,470.0,5.1,3.0,4.0,2015.0,16.0
fks,M2,,,,,,
lenovo,A860e,,,,,,
OPPO,A33,,,,,,
gionee,S7,,,,,,
coolpad,8056,,,,,,
dowe,D500,,,,,,
HTC,Desire 5088,,,,,,
huawei,Ascend P8,300.0,5.2,3.0,4.0,2015.0,13.0
lshi,超级手机1,200.0,5.5,3.0,3.0,2015.0,13.0
samsung,Galaxy Note Edge,,,,,,
samsung,Galaxy Note 5,530.0,5.7,4.0,8.0,2015.0,16.0
coolpad,5892,,,,,,
smallt,MM1101,,,,,,
HTC,M8,,,,,,
coolpad,8017-T00,,,,,,
newman,纽扣,,,,,,
xiaomi,note顶配版,380.0,5.7,4.0,5.0,2015.0,13.0
banghua,V9,,,,,,
vivo,Y13iL,,,,,,
gionee,E3,,,,,,
gionee,GN715,,,,,,
HTC,M8x,,,,,,
huawei,C8813DQ,,,,,,
coolpad,7372,,,,,,
HTC,T327w,,,,,,
huawei,G6-U00,,,,,,
ccmc,M601,,,,,,
epai,U5482,,,,,,
gionee,GN105,,,,,,
gionee,E5,,,,,,
moto,XT1033,,,,,,
sony,Xperia C,,,,,,
gionee,GN150,,,,,,
ccmc,A1,,,,,,
zte,U795+,,,,,,
asus,飞马,,,,,,
hisense,E600M,,,,,,
vivo,Y923,,,,,,
zte,U960S3,,,,,,
sony,Xperia ZL,,,,,,
lenovo,A2800d,,,,,,
HTC,606w,,,,,,
zte,U880,,,,,,
TCL,J636D+,,,,,,
meitu,MK260,,,,,,
lenovo,A5800-D,,,,,,
kiwu,G9,,,,,,
samsung,Galaxy On5,,,,,,
pner,MOMO9,,,,,,
samsung,SHV-E210L,,,,,,
huawei,P8 Lite,170.0,5.0,2.0,5.0,2015.0,13.0
huawei,Y518-T00,,,,,,
gionee,GN705T,,,,,,
zte,memo 5S,,,,,,
zte,星星2号,,,,,,
samsung,Galaxy Note 8.0,,,,,,
meizu,MX5,200.0,5.5,3.0,6.0,2015.0,20.0
meitu,M4,,,,,,
TCL,J738M,,,,,,
huawei,C8818,,,,,,
HTC,Desire 609d,,,,,,
meizu,M032,,,,,,
coolpad,K1,,,,,,
vivo,Y35,,,,,,
samsung,Galaxy Core Max,90.0,4.8,1.0,1.0,2014.0,8.0
vivo,S6,,,,,,
epai,A3,,,,,,
sony,Xperia SP,,,,,,
HTC,Desire D516d,,,,,,
fks,M210,,,,,,
coolpad,5832,,,,,,
huawei,P8max,,,,,,
samsung,Galaxy S4 Mini,,,,,,
vivo,S12,,,,,,
TCL,乐玩,,,,,,
huawei,T8830Pro,,,,,,
asus,ZenFone 2,,,,,,
ouxin,T80,,,,,,
ximi,R5s plus,,,,,,
vivo,Y628,,,,,,
sony,Xperia TX,,,,,,
hisense,E50-T,,,,,,
haier,HT-I717,,,,,,
vivo,X3F,,,,,,
lenovo,A6800,,,,,,
51cube,H1,,,,,,
vivo,Y1,,,,,,
gionee,F303,,,,,,
gionee,W800,,,,,,
TCL,P301M,,,,,,
dowe,D330,,,,,,
OPPO,R817,,,,,,
coolpad,5263,,,,,,
hisense,T967,,,,,,
bodao,T9608,,,,,,
lenovo,S90-t,,,,,,
gionee,GN708T,,,,,,
coolpad,7270-W00,,,,,,
gionee,GN706L,,,,,,
huawei,Y330,,,,,,
hisense,EG971,,,,,,
huawei,honor7i,,,,,,
hisense,I630T,,,,,,
lenovo,A770e,,,,,,
samsung,Galaxy Tab 7.0 Plus,,,,,,
coolpad,ivvi 小i,,,,,,
zte,Q503U,,,,,,
zte,V889D,,,,,,
zte,Grand Memo,,,,,,
coolpad,8713,,,,,,
samsung,Galaxy Tab S T800,,,,,,
meizu,Blue Charm 2,120.0,5.0,2.0,6.0,2016.0,13.0
sony,Xperia arc S,,,,,,
TCL,P308L,,,,,,
huawei,G525,,,,,,
samsung,Galaxy Golden,,,,,,
aiyouni,U3,,,,,,
gionee,M5,330.0,5.5,3.0,11.0,2015.0,13.0
samsung,Galaxy Core Lite,,,,,,
lshi,超级手机Max,,,,,,
nubia,Z5 Mini,,,,,,
lshi,超级手机1 Pro,,,,,,
huawei,Mate 7 青春版,,,,,,
hisense,E621T,,,,,,
vivo,Y22,,,,,,
ccmc,N1,,,,,,
OPPO,T29,,,,,,
nuomi,3S,,,,,,
weimi,P9,,,,,,
lenovo,S60t,,,,,,
samsung,Galaxy S6 Edge+,,,,,,
Ktouch,L920,,,,,,
yougo,:UOOGOUT1,,,,,,
kupo,L8,,,,,,
samsung,Galaxy Grand Max,,,,,,
dowe,倾城L3C,,,,,,
yuxin,小辣椒 M3,,,,,,
lenovo,A2580,,,,,,
Ktouch,t789,,,,,,
lenovo,Vibe Shot,,,,,,
OPPO,U701T,,,,,,
google,Nexus 7,,,,,,
lenovo,S658t,,,,,,
samsung,W2015,,,,,,
vivo,Y622,,,,,,
samsung,2016版 Galaxy A7,,,,,,
HTC,T528w,,,,,,
gionee,V188,,,,,,
coolpad,5218S,,,,,,
coolpad,S6,,,,,,
LG,L70,,,,,,
hisense,X68T,,,,,,
weimi,M3,,,,,,
zte,Q302C,,,,,,
ipair,IPH8,,,,,,
huawei,U8825D,,,,,,
fks,M512,,,,,,
vivo,Y627,,,,,,
hammer,坚果手机,,,,,,
ZUK,Z1,,,,,,
Ktouch,Touch 2C,,,,,,
huawei,P9 Plus,,,,,,
亿通,P2,,,,,,
lenovo,Vibe Z2 Pro,,,,,,
nubia,My 布拉格,,,,,,
huawei,Y635,,,,,,
OPPO,R830,,,,,,
ada,V919,,,,,,
huawei,G521,,,,,,
lenovo,VIBE X,,,,,,
oneplus,Two,,,,,,
xiaomi,xiaomi4C,210.0,5.0,3.0,9.0,2015.0,13.0
gionee,S5.5L,,,,,,
hisense,HS-U978,,,,,,
HTC,One ME,,,,,,
lenovo,A328t,,,,,,
lenovo,A8-50,,,,,,
zte,U960S,,,,,,
samsung,Galaxy Y,,,,,,
yuxin,红辣椒Note,,,,,,
OPPO,R9,,,,,,
nubia,Z9,,,,,,
coolpad,锋尚Pro,,,,,,
huawei,G7 Plus,,,,,,
banghua,TL1000,,,,,,
TCL,P316L,,,,,,
OPPO,Ulike2,,,,,,
samsung,Galaxy Infinite,,,,,,
lenovo,S720i,,,,,,
opsson,IVO 6688,,,,,,
coolpad,8715,,,,,,
OPPO,R820,,,,,,
lenovo,A785e,,,,,,
sony,Xperia T,,,,,,
coolpad,5216D,,,,,,
gionee,E8,,,,,,
OPPO,A51kc,,,,,,
huawei,G628,,,,,,
coolpad,7236,,,,,,
coolpad,8195,,,,,,
yuxin,小辣椒 4,,,,,,
hisense,T820,,,,,,
HTC,One E9,,,,,,
gionee,S5.1Pro,,,,,,
gionee,V183,,,,,,
zte,Blade S6,,,,,,
HTC,X920e,,,,,,
meizu,PRO5,,,,,,
zte,U930,,,,,,
sony,Xperia Z3+ Dual,,,,,,
lenovo,A360e,,,,,,
gionee,GN100,,,,,,
lingyun,小苹果,,,,,,
Ktouch,L820,,,,,,
LG,P970,,,,,,
lenovo,P700,,,,,,
bodao,L9,,,,,,
LG,Optimus G,,,,,,
samsung,Galaxy J5,160.0,5.0,1.5,6.0,2015.0,13.0
hisense,EG939,,,,,,
lenovo,A368t,,,,,,
lenovo,S939,,,,,,
zte,AxonMini,,,,,,
金星数码,T9003,,,,,,
HTC,微客,,,,,,
lshi,Super phone 1s,130.0,5.5,3.0,10.0,2015.0,13.0
dowe,T21,,,,,,
banghua,V95,,,,,,
TCL,P520L,,,,,,
zte,Grand X Quad,,,,,,
samsung,Galaxy Core 2,,,,,,
gionee,S6,,,,,,
hisense,E70-T,,,,,,
Ktouch,Touch V,,,,,,
zte,U880E,,,,,,
LG,G4,,,,,,
广信,S5Q,,,,,,
lenovo,K80,,,,,,
huawei,honorplay平板T1,,,,,,
HTC,One M9,,,,,,
lenovo,VIBE P1,,,,,,
greeno,voga v1,,,,,,
51cube,H3,,,,,,
yuxin,红辣椒XM,,,,,,
lenovo,A656,,,,,,
koobee,TALK 9X,,,,,,
coolpad,5890,,,,,,
huawei,畅享5,,,,,,
gionee,GN152,,,,,,
OPPO,U701,,,,,,
至尊宝,LT988,,,,,,
lenovo,A3900,,,,,,
samsung,Galaxy Tab 4 T331C,,,,,,
smallt,MM1103,,,,,,
百立丰,T2,,,,,,
lenovo,VIBE Z2,,,,,,
samsung,samsungbig foot,,,,,,
fks,M535,,,,,,
dowe,L1,,,,,,
samsung,G3819D,,,,,,
coolpad,5360,,,,,,
vivo,E1T,,,,,,
诺亚信,M8,,,,,,
xiaomi,MI 1,380.0,4.0,1.0,1.0,2012.0,8.0
oneplus,X,,,,,,
vivo,V1,,,,,,
lenovo,P770,,,,,,
lenovo,A369,,,,,,
coolpad,5261,,,,,,
hisense,EG978,,,,,,
huawei,MediaPad M2-803L,,,,,,
coolpad,8712,,,,,,
aiyouni,i1,,,,,,
samsung,领世旗舰3,,,,,,
zte,N909,,,,,,
zte,Blade A1,,,,,,
lenovo,A590,,,,,,
OPPO,A53,,,,,,
huawei,畅享5S,,,,,,
zte,小鲜2,,,,,,
TCL,idol3,,,,,,
vivo,X6 Plus D,,,,,,
欧奇,G5,,,,,,
gionee,GN128,,,,,,
51cube,S5,,,,,,
贝尔丰,T12,,,,,,
lenovo,A2860,,,,,,
lenovo,黄金斗士青春版,,,,,,
coolpad,8029,,,,,,
weimi,P8,,,,,,
samsung,Galaxy J3,,,,,,
samsung,Galaxy On7,,,,,,
coolpad,锋尚Max,,,,,,
vivo,X6,,,,,,
yuxin,红辣椒NX Plus,,,,,,
samsung,Galaxy Tab Pro T321,,,,,,
dowe,倾城L3,,,,,,
OPPO,3005,,,,,,
MIL,T004,,,,,,
coolpad,7251,,,,,,
zte,Axon天机,,,,,,
OPPO,R850,,,,,,
vivo,X6 Plus,,,,,,
vivo,X6 L,,,,,,
贝尔丰,BF A500,,,,,,
斐讯,C730Lw,,,,,,
konka,L823,,,,,,
banghua,U7,,,,,,
greeno,N2,,,,,,
konka,V931,,,,,,
dowe,L5Pro,,,,,,
HTC,Sensation Z710E,,,,,,
TCL,P318L,,,,,,
samsung,Galaxy A3,,,,,,
zte,小鲜3,,,,,,
zte,小星星,,,,,,
samsung,2016版 Galaxy A5,,,,,,
lenovo,A3300-T,,,,,,
huawei,麦芒3S,,,,,,
kupo,L168,,,,,,
gionee,M5 Plus,,,,,,
asus,ZenFone Max,,,,,,
coolpad,8122,,,,,,
LG,VS980,,,,,,
nubia,Z9 mini 精英版,,,,,,
huawei,Y325,,,,,,
hammer,T2,,,,,,
lenovo,A560,,,,,,
51cube,S6,,,,,,
优语,KDOOR X5-Y12,,,,,,
zte,Q519T,,,,,,
gionee,天鉴W900S,,,,,,
HTC,Desire S,,,,,,
lenovo,P700i,,,,,,
samsung,Galaxy Note 10.1 2014 Edition P601,,,,,,
samsung,Galaxy S DUOS,,,,,,
lenovo,A355e,,,,,,
xiaomi,MI 4S,,,,,,
coolpad,ivvi 小骨Pro,,,,,,
OPPO,A30,,,,,,
HTC,One A9,,,,,,
LG,Optimus LTE,,,,,,
banghua,TL500,,,,,,
samsung,Galaxy Tab 3 10.1,,,,,,
coolpad,8722,,,,,,
LG,Optimus G Pro 2,,,,,,
sony,Xperia Z5 Premium,,,,,,
Lovme,T9,,,,,,
斐讯,C630Lw,,,,,,
lenovo,K900,,,,,,
白米,BM001,,,,,,
lenovo,A398t,,,,,,
zte,U879,,,,,,
TCL,idol X,,,,,,
samsung,Galaxy Mini,,,,,,
lenovo,S5000,,,,,,
zte,V889M,,,,,,
51cube,A690,,,,,,
zte,U808,,,,,,
lenovo,A68e,,,,,,
dowe,D800,,,,,,
gionee,ELIFE E7 Mini,,,,,,
moto,Moto G,,,,,,
OPPO,R801,,,,,,
coolpad,8295c,,,,,,
hisense,U966,,,,,,
huawei,Ascend D2,,,,,,
Ktouch,T780+,,,,,,
nokia,X,,,,,,
Ktouch,W619,,,,,,
亿通,P1,,,,,,
samsung,Galaxy J,,,,,,
samsung,SM-T2558,,,,,,
gionee,GN106,,,,,,
lenovo,TAB 2 A7-30,,,,,,
zte,Q501U,,,,,,
百加,V6,,,,,,
coolpad,5219,,,,,,
HTC,T528d,,,,,,
zte,U880F1,,,,,,
samsung,GT-N8000,,,,,,
coolpad,5872,,,,,,
koobee,U55GT,,,,,,
huawei,Y321C,,,,,,
HTC,Desire 7088,,,,,,
zte,N880F,,,,,,
lenovo,A278t,,,,,,
TCL,J320T,,,,,,
samsung,Galaxy S2 Plus,,,,,,
hisense,EG936D,,,,,,
HTC,Desire D516t,,,,,,
hisense,T929,,,,,,
samsung,I8250,,,,,,
TCL,P331M,,,,,,
zte,N919,,,,,,
meitu,M2,,,,,,
zte,Grand X,,,,,,
huawei,G615-U10,,,,,,
zte,V818,,,,,,
lenovo,A338t,,,,,,
zte,N881F,,,,,,
huawei,Ascend P1,,,,,,
coolpad,5860A,,,,,,
samsung,Galaxy Core,,,,,,
gionee,GN180,,,,,,
lenovo,A516,,,,,,
coolpad,5316,,,,,,
samsung,Galaxy S7 Edge,,,,,,
zte,U793,,,,,,
gionee,GN305,,,,,,
ouxin,V70,,,,,,
coolpad,5930,,,,,,
banghua,V70,,,,,,
panasonic,L855,,,,,,
OPPO,R9 Plus,,,,,,
bodao,LT01,,,,,,
heymi,A5,,,,,,
bodao,T9600,,,,,,
xiangmi,X8888,,,,,,
bodao,L108,,,,,,
samsung,W999,,,,,,
gionee,风华3,,,,,,
bodao,T9500,,,,,,
zte,U819,,,,,,
weitu,VT888,,,,,,
宝捷讯,JX8166,,,,,,
zte,V956,,,,,,
lenovo,S90-u,,,,,,
TCL,ono,,,,,,
Ktouch,V8,,,,,,
lenovo,A300t,,,,,,
果米,A7,,,,,,
samsung,I779,,,,,,
huawei,G730-C00,,,,,,
coolpad,8717,,,,,,
coolpad,9976D,,,,,,
HTC,Desire D316d,,,,,,
lenovo,A805e,,,,,,
TCL,P306C,,,,,,
首云,P1,,,,,,
至尊宝,LT416,,,,,,
zte,Q201T,,,,,,
TCL,么么哒3S,,,,,,
samsung,S5300,,,,,,
coolpad,8085q,,,,,,
lenovo,A690,,,,,,
samsung,大器3,,,,,,
zte,U960E,,,,,,
yuxin,小辣椒 5,,,,,,
HTC,Desire V,,,,,,
lenovo,A380t,,,,,,
gionee,天鉴W808,,,,,,
gionee,GN700W,,,,,,
TCL,P500M,,,,,,
meizu,M9,,,,,,
51cube,H1S,,,,,,
samsung,Galaxy Alpha,,,,,,
samsung,Galaxy K Zoom,,,,,,
gionee,M3,,,,,,
瑞米,X7,,,,,,
HTC,Desire HD,,,,,,
gionee,GN800,,,,,,
Ktouch,Touch 3c,,,,,,
hisense,E602M,,,,,,
51cube,H2,,,,,,
hisense,E613M,,,,,,
gionee,X817,,,,,,
瑞高,78P01,,,,,,
dowe,T20L,,,,,,
lenovo,A588t,,,,,,
samsung,Galaxy Grand 2 LTE,,,,,,
asus,K012,,,,,,
Ktouch,T619,,,,,,
亿通,P3,,,,,,
bodao,LT02,,,,,,
hisense,I635T,,,,,,
dowe,L5 Plus,,,,,,
zte,威武3,,,,,,
nokia,X2,,,,,,
lenovo,A750,,,,,,
果米,M6,,,,,,
samsung,Nexus S,,,,,,
51cube,M1L,,,,,,
coolpad,大观铂顿,,,,,,
gionee,天鉴W900,,,,,,
hisense,U8,,,,,,
zte,G717C,,,,,,
SUGAR,2C,,,,,,
mige,M201S,,,,,,
台电,X80HD,,,,,,
LG,P705,,,,,,
dowe,T90,,,,,,
lenovo,S560,,,,,,
vivo,Y937,,,,,,
TCL,P335M,,,,,,
hisense,M20-M,,,,,,
coolpad,8721,,,,,,
samsung,SM-T2556,,,,,,
sony,Xperia J,,,,,,
coolpad,8085n,,,,,,
gionee,M3S,,,,,,
samsung,Galaxy S Plus,,,,,,
coolpad,S6-NT1,,,,,,
haier,HT-I860,,,,,,
lenovo,A3600d,,,,,,
coolpad,5956,,,,,,
weitu,GT7,,,,,,
台电,X98 3G,,,,,,
yuxin,小辣椒 6,,,,,,
Lovme,T5,,,,,,
lenovo,黄金斗士S8play edition,,,,,,
bodao,Doeasy E700,,,,,,
lenovo,A606,,,,,,
huawei,G630,,,,,,
zte,Q801L,,,,,,
samsung,GT-I8160,,,,,,
yuxin,小辣椒 X3,,,,,,
lenovo,A3890,,,,,,
lenovo,S860e,,,,,,
lenovo,K860,,,,,,
百立丰,T708,,,,,,
丰米,P8,,,,,,
亿通,T890,,,,,,
lenovo,S686,,,,,,
gionee,金钢,,,,,,
贝尔丰,BF T18,,,,,,
huawei,Y618-T00,,,,,,
huawei,G629,,,,,,
hisense,G610M,,,,,,
samsung,Galaxy Tab P7500,,,,,,
vivo,Y623,,,,,,
bodao,L100,,,,,,
hisense,金刚II,,,,,,
meizu,blue charmNote3,,,,,,
HTC,Desire 310,,,,,,
Ktouch,T619+,,,,,,
gionee,F105,,,,,,
lenovo,A399,,,,,,
OPPO,R830S,,,,,,
唯比,X5,,,,,,
ccmc,N1 max,,,,,,
zte,Blade S6 Lux,,,,,,
konka,D557,,,,,,
kupo,L7,,,,,,
huawei,Hol-U10,,,,,,
coolpad,7060,,,,,,
lenovo,A580,,,,,,
konka,R2,,,,,,
coolpad,7296S,,,,,,
zte,zte远航3,,,,,,
gionee,GN5001S,,,,,,
斐讯,C230w,,,,,,
zte,Q509T,,,,,,
Ktouch,L810,,,,,,
长虹,C03,,,,,,
欧奇,OKA51,,,,,,
lenovo,lenovoVIBE X2,,,,,,
lenovo,A385e,,,,,,
vivo,Y31,,,,,,
sony,Xperia Neo,,,,,,
samsung,Galaxy Tab 2 P5100,,,,,,
vivo,X1S,,,,,,
zte,N880E,,,,,,
OPPO,R805,,,,,,
huawei,MediaPad 10 Link,,,,,,
yuxin,T50,,,,,,
samsung,Galaxy Core Advance,,,,,,
大Q,雷霆战机,,,,,,
zte,U9815,,,,,,
lenovo,S930,,,,,,
moto,XT928,,,,,,
Lovme,X18,,,,,,
moto,XT910,,,,,,
hisense,EG980,,,,,,
mige,210R,,,,,,
Ktouch,U86,,,,,,
lenovo,A630e,,,,,,
coolpad,旋影90w,,,,,,
zte,Q501T,,,,,,
huawei,Y310-T10,,,,,,
gionee,天鉴T1,,,,,,
huawei,Y310-5000,,,,,,
sony,Xperia Z3 mini,,,,,,
vivo,S6T,,,,,,
鲜米,s800,,,,,,
smallt,MM1104,,,,,,
gionee,GN108,,,,,,
coolpad,5200S,,,,,,
先锋,K88L,,,,,,
banghua,U1,,,,,,
epai,Z4,,,,,,
亿通,I7,,,,,,
coolpad,8076,,,,,,
huawei,P9,,,,,,
coolpad,5311,,,,,,
lenovo,A380e,,,,,,
ada,V819 3G,,,,,,
Ktouch,L930i,,,,,,
vivo,S3,,,,,,
sony,Xperia M2,,,,,,
zte,Q805T,,,,,,
lenovo,A65,,,,,,
Ktouch,L820c,,,,,,
koobee,U25GT,,,,,,
samsung,Galaxy Trend,,,,,,
Ktouch,U81t,,,,,,
haier,HT-I857,,,,,,
zte,Q705U,,,,,,
moto,Razr V锋芒,,,,,,
Lovme,T6,,,,,,
moto,Moto X Pro,,,,,,
zte,U968,,,,,,
coolpad,8295,,,,,,
huawei,C8650,,,,,,
opsson,IVO 6666,,,,,,
moto,DROID RAZR,,,,,,
samsung,I8258,,,,,,
sony,Xperia ZR,230.0,4.55,2.0,6.0,2013.0,13.0
hisense,I630M,,,,,,
亿通,D500,,,,,,
lenovo,IdeaTab A1010-T,,,,,,
zte,青漾3,,,,,,
nubia,Z7,,,,,,
coolpad,7260,,,,,,
sony,Xperia ray,,,,,,
gionee,GN9004,,,,,,
huawei,S8-303L,,,,,,
恒宇丰,9300-M9,,,,,,
coolpad,5876,,,,,,
nokia,N1,,,,,,
hisense,E260-T,,,,,,
huawei,C8812+,,,,,,
亿通,D520,,,,,,
coolpad,8021,,,,,,
dowe,D360,,,,,,
yuxin,小辣椒 3,,,,,,
lenovo,A698t,,,,,,
konka,V983,,,,,,
moto,XT1060,,,,,,
meizu,M031,,,,,,
huawei,G730-U30,,,,,,
虾米,X6,,,,,,
coolpad,Y70-C,,,,,,
zte,DM,,,,,,
kupo,L128,,,,,,
hisense,I639T,,,,,,
lenovo,PHAB Plus,,,,,,
huawei,MediaPad M2-801W,,,,,,
samsung,Galaxy Tab 3 Lite T110,,,,,,
coolpad,8105,,,,,,
huawei,Sonic+,,,,,,
LG,V10,,,,,,
TCL,P302C,,,,,,
huawei,Nexus 6P,,,,,,
coolpad,7605,,,,,,
coolpad,7105,,,,,,
zte,远航3,,,,,,
OPPO,T703,,,,,,
TCL,P332U,,,,,,
ada,V701s Core4,,,,,,
konka,K23,,,,,,
xiaomi,MI pad 2,,,,,,
konka,R1,,,,,,
TCL,P502U,,,,,,
lenovo,A366t,,,,,,
凯利通,T9,,,,,,
yuxin,小辣椒 7,,,,,,
Ktouch,W700,,,,,,
至尊宝,L82,,,,,,
lenovo,Tab2A7-20F,,,,,,
青葱,metal 标准版,,,,,,
zte,Q507T,,,,,,
ccmc,M701,,,,,,
奥克斯,V965T,,,,,,
coolpad,8736,,,,,,
蓝魔,R9,,,,,,
LG,F320L,,,,,,
蓝魔,Mos1,,,,,,
lenovo,S8-50,,,,,,
asus,ME7510KG,,,,,,
samsung,W2016,,,,,,
Ktouch,W88,,,,,,
huawei,Ascend G330C,,,,,,
konka,V981,,,,,,
白米,BM002,,,,,,
HTC,One X9,,,,,,
OPPO,3000,,,,,,
zte,醉享,,,,,,
51cube,MAX3,,,,,,
智镁,EV5,,,,,,
zte,威武3C,,,,,,
dowe,L5 mini,,,,,,
lenovo,lemon K31,,,,,,
欧奇,OKU3,,,,,,
gionee,GN705,,,,,,
HTC,T328d,,,,,,
lenovo,YOGA Tablet B8000,,,,,,
长虹,A100,,,,,,
lenovo,A358t,,,,,,
Ktouch,V9,,,,,,
先锋,K68w,,,,,,
zte,U809,,,,,,
zte,N919D,,,,,,
51cube,S7,,,,,,
飞利浦,W6618,,,,,,
Ktouch,C986t+,,,,,,
coolpad,5879,,,,,,
hisense,E913,,,,,,
长虹,N1,,,,,,
HTC,T328t,,,,,,
lenovo,A376,,,,,,
asus,ZenFone Selfie,,,,,,
lenovo,A356,,,,,,
nibilu,火星一号探索版,,,,,,
TCL,P596,,,,,,
dowe,T60,,,,,,
TCL,S838M,,,,,,
长虹,Z9,,,,,,
lenovo,IdeaTab A1000-T,,,,,,
诺亚信,M15,,,,,,
huawei,G309T,,,,,,
Ktouch,E99,,,,,,
xiangmi,X6088,,,,,,
lenovo,A520,,,,,,
huawei,MediaPad M1,,,,,,
nubia,X6,,,,,,
lenovo,A7-30,,,,,,
samsung,Galaxy Tab 4 T231,,,,,,
dowe,S2L,,,,,,
Ktouch,T60,,,,,,
lenovo,A780e,,,,,,
lenovo,A500,,,,,,
亿通,P51,,,,,,
coolpad,5310,,,,,,
moto,Moto X Style,,,,,,
samsung,S5831I,,,,,,
coolpad,7275,,,,,,
TCL,P501M,,,,,,
TCL,P518L,,,,,,
moto,DROID RAZR M,,,,,,
bodao,I900,,,,,,
zte,U880S,,,,,,
asus,飞马3,,,,,,
lenovo,A330e,,,,,,
coolpad,7061,,,,,,
kiwu,BM002-G5,,,,,,
TCL,P360W,,,,,,
亿通,P21,,,,,,
lenovo,VIBE X2 Pro,,,,,,
hisense,E968,,,,,,
meitu,V4,,,,,,
huawei,Y523-L176,,,,,,
coolpad,5263S,,,,,,
huawei,honor平板T1-823L,,,,,,
samsung,Galaxy Ace 4,,,,,,
moto,Moto X 3,,,,,,
yuxin,小辣椒X4,,,,,,
moto,Moto X极,,,,,,
yuxin,小辣椒 9,,,,,,
zte,V880,,,,,,
bodao,i600,,,,,,
lenovo,A395e,,,,,,
西门子,Gigaset ME,,,,,,
lenovo,YOGA Tablet B6000,,,,,,
huawei,Ascend D1,,,,,,
epai,T7,,,,,,
lenovo,A375e,,,,,,
samsung,Galaxy Tab P1000,,,,,,
vivo,E1,,,,,,
Ktouch,C666t,,,,,,
TCL,302U,,,,,,
Ktouch,C986t,,,,,,
OPPO,Find 3,,,,,,
vivo,E3,,,,,,
虾米,Z5,,,,,,
zte,U960,,,,,,
huawei,G620-L72,,,,,,
诺亚信,T918,,,,,,
hisense,EG929,,,,,,
lenovo,A288t,,,,,,
惠普,Compaq 7,,,,,,
hisense,U936,,,,,,
lenovo,a218t,,,,,,
samsung,I699I,,,,,,
konka,V923,,,,,,
hisense,E956Q,,,,,,
epai,S300,,,,,,
hisense,E622M,,,,,,
zte,Q7,,,,,,
lenovo,A3500,,,,,,
台电,X80h,,,,,,
lenovo,B8080-F,,,,,,
HTC,Desire 616,,,,,,
本为,V5,,,,,,
HTC,One M9+,,,,,,
白米,BM003,,,,,,
lenovo,A780,,,,,,
opsson,D1,,,,,,
yuxin,小辣椒S1,,,,,,
opsson,Q3C,,,,,,
亿通,P305,,,,,,
51cube,M100,,,,,,
广信,F1,,,,,,
desci,魔镜 X5,,,,,,
samsung,Galaxy S7,,,,,,
coolpad,5313S,,,,,,
moto,Moto Turbo,,,,,,
yuxin,红辣椒Note3,,,,,,
vivo,Xplay5,520.0,5.43,4.0,3.0,2016.0,16.0
HTC,Desire 816x,,,,,,
lenovo,S668t,,,,,,
Ktouch,W700+,,,,,,
广信,S5,,,,,,
coolpad,5200,,,,,,
LG,F240S,,,,,,
hisense,T928,,,,,,
lenovo,A1020,,,,,,
亿通,T860,,,,,,
hisense,U970,,,,,,
bodao,T9108,,,,,,
lenovo,A396,,,,,,
lenovo,S90-e,,,,,,
亿通,T3,,,,,,
lenovo,IdeaTab A2207A-H,,,,,,
samsung,Galaxy Tab P6800,,,,,,
贝尔丰,T13,,,,,,
wpf,S1,,,,,,
欧沃,Q7,,,,,,
nibilu,土星一号,,,,,,
lenovo,S870e,,,,,,
hisense,小章鱼,,,,,,
huawei,Y600D,,,,,,
Ktouch,E8,,,,,,
至尊宝,L81,,,,,,
samsung,Galaxy S,,,,,,
hisense,E602T,,,,,,
欧乐迪,Z1988,,,,,,
haier,L700T,,,,,,
台电,X98 Air 3G,,,,,,
yuxin,红辣椒 X1,,,,,,
HTC,603e,,,,,,
PPTV,King 7,,,,,,
长虹,T03锋至版,,,,,,
samsung,SM-T705C,,,,,,
OPPO,Find,,,,,,
51cube,H5,,,,,,
HTC,野火S,,,,,,
PPTV,King 7s,,,,,,
hisense,D2-M,,,,,,
banghua,U11,,,,,,
赛博宇华,SOP M3,,,,,,
51cube,H7,,,,,,
ada,V719,,,,,,
epai,大Q Note,,,,,,
Ktouch,T621,,,,,,
zte,U969,,,,,,
zte,N798+,,,,,,
samsung,Galaxy S4 Active,,,,,,
蓝魔,i9,,,,,,
coolpad,7230,,,,,,
coolpad,8012,,,,,,
samsung,Galaxy J1,,,,,,
huawei,Y320C,,,,,,
lenovo,A505e,,,,,,
micky,M228-M51,,,,,,
konka,L810,,,,,,
samsung,2016版 Galaxy J7,,,,,,
moto,XT615,,,,,,
banghua,I6,,,,,,
samsung,Galaxy S DUOS 2,,,,,,
lenovo,A765e,,,,,,
huawei,T8620,,,,,,
lenovo,乐檬3,,,,,,
samsung,Galaxy S2 Epic 4G Touch,,,,,,
moto,Droid Ultra,,,,,,
欧奇,T89-2,,,,,,
Ktouch,K1,,,,,,
E人E本,T9,,,,,,
huawei,m310,,,,,,
samsung,N910U,,,,,,
飞利浦,V526,,,,,,
huawei,Y3100,,,,,,
大显,7i,,,,,,
hisense,E75T,,,,,,
51cube,H6,,,,,,
TCL,乐玩2C,,,,,,
lenovo,乐檬X3,,,,,,
coolpad,8712S,,,,,,
asus,飞马2 Plus,,,,,,
samsung,SM-T325,,,,,,
samsung,Galaxy Tab S T705,,,,,,
opsson,IVO 8800,,,,,,
zte,Grand Era,,,,,,
bodao,T9508,,,,,,
帷幄,X5,,,,,,
gionee,GN168t,,,,,,
世纪星,T5,,,,,,
lenovo,Tab2 A7-10F,,,,,,
ada,V975s Core4,,,,,,
koobee,U59GT,,,,,,
lenovo,S660,,,,,,
亿通,I95,,,,,,
lenovo,A60+,,,,,,
coolpad,8060,,,,,,
candy,T200,,,,,,
51cube,MUSE,,,,,,
lenovo,lenovoS870e,,,,,,
Ktouch,E619,,,,,,
yuxin,T55,,,,,,
HTC,One M9e,,,,,,
lenovo,S856,,,,,,
lenovo,A269,,,,,,
coolpad,锋尚Air,,,,,,
lenovo,S8-50LC,,,,,,
konka,K35,,,,,,
先锋,G71,,,,,,
asus,K016,,,,,,
fks,M560,,,,,,
coolpad,ivvi S6,,,,,,
亿通,T730,,,,,,
德卡诺,L6,,,,,,
亿通,T730D,,,,,,
TCL,P688L,,,,,,
TCL,P350M,,,,,,
HTC,Desire 510,,,,,,
banghua,A5,,,,,,
zte,U807N,,,,,,
coolpad,9150,,,,,,
hisense,E100T,,,,,,
鲜米,S970,,,,,,
hisense,E625T,,,,,,
ZOYE,V18,,,,,,
banghua,V95 Pro,,,,,,
coolpad,全魔王手机,,,,,,
hisense,VIDAA_TV,,,,,,
lenovo,设备品类为：平板,,,,,,
TCL,P589L,,,,,,
长虹,X6,,,,,,
百立丰,百利丰 W2,,,,,,
51cube,S100,,,,,,
qiku,F4,,,,,,
samsung,Galaxy Note 10.1 N8010,,,,,,
zte,U790,,,,,,
zte,Axon天机 Max,,,,,,
lenovo,A600e,,,,,,
宏碁,Iconia A1-810,,,,,,
xiangmi,X9999,,,,,,
戴尔,Venue 7,,,,,,
lshi,超级手机Max Pro,,,,,,
lenovo,A790e,,,,,,
嘉源,A3,,,,,,
sony,Xperia Z3 Compact,,,,,,
hisense,I632T,,,,,,
samsung,W789,,,,,,
asus,T00P,,,,,,
samsung,Galaxy S5 Plus,,,,,,
samsung,Galaxy Tab A 8.0,,,,,,
opsson,IUSAI US15,,,,,,
虾米,M4S,,,,,,
欧乐酷,U11,,,,,,
coolpad,7060S,,,,,,
huawei,MediaPad 10 FHD,,,,,,
lenovo,P1c58,,,,,,
coolpad,锋尚mini,,,,,,
samsung,Galaxy Tab P7510,,,,,,
huawei,8800,,,,,,
konka,V927,,,,,,
huawei,Y210-2010,,,,,,
HTC,Desire 610,,,,,,
hisense,HS-U971,,,,,,
zte,大Q,,,,,,
碟米,V015-M66,,,,,,
lenovo,TAB A10-80,,,,,,
天宏时代,CYM1,,,,,,
奥克斯,i6L,,,,,,
samsung,Galaxy Tab Pro T320,,,,,,
vivo,V2,,,,,,
huawei,Y535D,,,,,,
欧奇,OKA31,,,,,,
dowe,L6,,,,,,
贝尔丰,BF T18 Plus,,,,,,
LG,Nexus 5X,,,,,,
nibilu,木星一号,,,,,,
asus,ME173X,,,,,,
lenovo,PHAB,,,,,,
长虹,X5,,,,,,
hisense,T959S1,,,,,,
世纪天元,F8909,,,,,,
zte,N798,,,,,,
亿通,T701,,,,,,
banghua,V2,,,,,,
huawei,Y220-T10,,,,,,
coolpad,5315,,,,,,
nubia,Z5,,,,,,
samsung,Galaxy Core Plus,,,,,,
konka,L3,,,,,,
lenovo,A7600-F,,,,,,
Lovme,T11,,,,,,
yuxin,T22,,,,,,
zte,N900,,,,,,
coolpad,8150D,,,,,,
Ktouch,小黄蜂2,,,,,,
百立丰,T5,,,,,,
长虹,T11,,,,,,
koobee,TALK 7X八核,,,,,,
xiangmi,X5566,,,,,,
欧奇,G10,,,,,,
TCL,P516L,,,,,,
lenovo,IdeaTab 2109A,,,,,,
huawei,M311,,,,,,
yuxin,小辣椒5 Pro,,,,,,
asus,ASUS_Z00XSB,,,,,,
yuxin,小辣椒X5,,,,,,
sony,Xperia neo L,,,,,,
Ktouch,E619+,,,,,,
sony,Xperia V,,,,,,
极米,Z3D 梦想板,,,,,,
huawei,honorV8,,,,,,
xiangmi,X9988,,,,,,
LG,G Pro Lite Dual,,,,,,
huawei,MediaPad 10 Link+?,,,,,,
zte,天机3,,,,,,
LG,G2 Mini,,,,,,
Ktouch,T85+,,,,,,
原点,Yuandian II,,,,,,
banghua,V100,,,,,,
lenovo,lenovoX2-AP,,,,,,
戴尔,Venue 8 3830,,,,,,
lenovo,S860,,,,,,
meitu,M4s,,,,,,
hisense,F20T,,,,,,
dowe,L7,,,,,,
banghua,U2,,,,,,
bodao,T9105,,,,,,
lenovo,YOGA Tablet 2,,,,,,
lenovo,A586,,,,,,
sony,Xperia L,,,,,,
ada,V975m Core4,,,,,,
51cube,M3,,,,,,
长虹,X9,,,,,,
moto,XT390,,,,,,
huawei,MediaPad 7 Vogue,,,,,,
samsung,Galaxy Tab 4 T531,,,,,,
zte,V788D,,,,,,
coolpad,ivvi 小i Plus,,,,,,
亚马逊,Kindle Fire HDX 7.0,,,,,,
HTC,M910x,,,,,,
